# Name,         Type, SubType, Offset,   Size,      Flags
# Keep this layout compatible with the existing watch_os device data:
# - nvs keeps WiFi records and system settings
# - otadata enables dual-slot OTA
# - littlefs_data keeps downloaded apps/assets
nvs,            data, nvs,     0x9000,   0x6000,
otadata,        data, ota,     0xF000,   0x2000,
phy_init,       data, phy,     0x11000,  0x1000,
ota_0,          app,  ota_0,   0x20000,  0xB00000,
ota_1,          app,  ota_1,   0xB20000, 0xB00000,
littlefs_data,  data, littlefs,0x1620000,0x900000,
